{
  "annualization": 252,
  "returns": [
    -0.029393,
    -0.004635,
    0.004452,
    0.002463,
    0.008448,
    0.017404,
    -0.013081,
    0.007914,
    0.012401,
    0.007964,
    -0.000703,
    0.007526,
    0.010445,
    0.009,
    0.000734,
    -0.000346,
    0.003372,
    -0.003723,
    0.00118,
    0.003055,
    0.00012,
    -0.013208,
    -0.000909,
    -0.040559,
    -0.010888,
    -0.00363,
    -0.010619,
    -0.011904,
    -0.012545,
    -0.012284,
    -0.010073,
    -0.002355,
    -0.015807,
    -0.022287,
    -0.005217,
    -0.007978,
    -0.003732,
    0.004765,
    0.001525,
    -0.001064,
    0.005468,
    -0.015696,
    -0.002573,
    0.016299,
    0.01198,
    0.020641,
    -0.020216,
    0.007957,
    0.003981,
    0.010341,
    0.005151,
    0.009444,
    -0.0047,
    -0.000372,
    0.001983,
    0.001617,
    0.006479,
    -0.004413,
    -0.003592,
    0.007065,
    -0.00565,
    -0.002155,
    -0.007977,
    -0.005893,
    -0.005342,
    -0.007552,
    -0.003093,
    -0.016301,
    -0.006606,
    -0.056801,
    -0.014718,
    -0.041939,
    -0.00498,
    -0.015575,
    -0.016563,
    -0.000477,
    -0.005065,
    0.005304,
    0.00641,
    0.012858,
    -0.003287,
    0.008916,
    0.018057,
    -0.002098,
    0.005875,
    0.012127,
    0.018389,
    0.010538,
    0.013442,
    0.013537,
    -0.001067,
    0.001253,
    -0.027695,
    -0.012766,
    0.001946,
    -0.00156,
    -0.002589,
    -0.006104,
    -0.001624,
    -0.009026,
    -0.000276,
    -0.014308,
    -0.00673,
    -0.017813,
    -0.013209,
    -0.008537,
    -0.013707,
    -0.006446,
    -0.002557,
    -0.006362,
    0.009862,
    -0.009266,
    -0.006142,
    0.004742,
    0.00422,
    -0.033397,
    0.012692,
    0.000331,
    0.007376,
    0.007764,
    0.010183,
    0.015056,
    0.018828,
    0.015934,
    -0.001806,
    0.012777,
    0.001015,
    0.006703,
    0.002145,
    0.01446,
    0.00309,
    -0.01487,
    -0.000656,
    -0.017314,
    -8.6e-05,
    -0.002329,
    -0.00181,
    -0.000465,
    -0.041549,
    0.008323,
    -0.014112,
    -0.012171,
    -0.004122,
    -0.013981,
    -0.014415,
    -0.020838,
    0.005041,
    -0.012512,
    -0.006428,
    0.000137,
    0.003251,
    0.000464,
    0.003037,
    0.003925,
    -0.012038,
    0.008072,
    -0.000856,
    0.013594,
    0.016164,
    0.000161,
    0.025516,
    -0.018685,
    0.031157,
    -0.002095,
    0.017762,
    0.00682,
    0.01252,
    -0.002652,
    -0.00048,
    -0.002085,
    -0.002667,
    -0.002891,
    -0.003771,
    -0.006487,
    -0.012196,
    -0.013478,
    -0.007224,
    -0.016602,
    -0.008685,
    -0.009564
  ],
  "crossSection": [
    0.12,
    -0.4,
    0.03,
    0.55,
    -0.08,
    0.21,
    0.02,
    -0.15,
    0.31,
    0.07,
    -0.22,
    0.44,
    0.01,
    -0.05,
    0.18,
    0.09,
    -0.33,
    0.26,
    0.04,
    -0.11
  ],
  "groups": [
    "tech",
    "tech",
    "fin",
    "fin",
    "tech",
    "energy",
    "energy",
    "fin",
    "tech",
    "energy",
    "fin",
    "tech",
    "energy",
    "fin",
    "tech",
    "energy",
    "fin",
    "tech",
    "energy",
    "fin"
  ],
  "betas": [
    1.2,
    0.8,
    1.5,
    0.6,
    1.1,
    0.9,
    1.3,
    0.7,
    1.4,
    1.0,
    0.5,
    1.6,
    0.85,
    1.05,
    0.95,
    1.25,
    0.75,
    1.35,
    0.65,
    1.15
  ],
  "signal": [
    0.03419276725318417,
    1.3597475403099617,
    1.2247210785859324,
    -0.5103070767876675,
    -0.2979695111064471,
    -0.5273841930334252,
    0.5697263575719601,
    -0.056064439045617594,
    0.7468856162565439,
    -1.8473247989741095,
    1.5665487746995206,
    -0.09643216015562055,
    0.6803784532741461,
    -0.13656633397682774,
    -0.3790985670748533,
    0.46311015859758675,
    0.824513527530113,
    -0.20252987069345152,
    -0.15278617857019708,
    0.685698610809258,
    -0.8703406419471712,
    -1.5143835037313955,
    0.39498186274953,
    -0.6705658236878794,
    -1.9203405901180286,
    -0.8140536639453595,
    -0.467597558892747,
    -1.1932024774322612,
    -1.4924638840630338,
    0.03663782694480509,
    0.8972492567277476,
    -0.23313207796045685,
    -0.7435960295088448,
    0.3849938087479083,
    0.7172358071943838,
    -0.3000105984884774,
    0.5446678079208929,
    1.0428754765829538,
    -0.20695643620832396,
    -0.8135155419815723
  ],
  "forward": [
    0.2986361391643181,
    1.013885116956255,
    1.613882861883086,
    -1.3338488691168766,
    -0.7080720509483065,
    -0.9869640843925948,
    -1.0453760624431052,
    0.06750898073022642,
    0.8703747397503456,
    -1.6994269045651107,
    2.0484469244166394,
    0.5996801732349759,
    0.910128255032916,
    0.23942587276667926,
    0.5370765113139961,
    -0.7877177764759298,
    0.9858518431179593,
    0.36070354441068747,
    -1.5058465688564981,
    0.6890432481290585,
    -0.7225414625362774,
    -0.28341194538947767,
    -0.11426063246041687,
    -0.4169321803320079,
    -0.8779231402166927,
    -1.1894415493625818,
    0.19831878320865937,
    -0.7998920372782913,
    -0.5014922314944259,
    -0.39548730890254724,
    1.4073107886586627,
    0.3442823359673053,
    -0.5885776374807763,
    0.736562010923633,
    1.4381456134035304,
    1.2529340517053047,
    -0.9320604115996398,
    1.332230735247788,
    0.24788094508571065,
    -0.5631979493380186
  ],
  "expected": {
    "sharpe": -2.6269551021705957,
    "sortino": -3.09827721264695,
    "calmar": -1.1539604031410975,
    "annualReturn": -0.41677906788181796,
    "maxDrawdown": -0.3611727635951278,
    "spearmanIC": 0.676360225140713,
    "psr": 0.009424116571131255,
    "normCdf": {
      "-2.5": 0.006209665325776132,
      "-1.0": 0.15865525393145707,
      "0.0": 0.5,
      "0.5": 0.6914624612740131,
      "1.96": 0.9750021048517795,
      "3.0": 0.9986501019683699
    },
    "winsorize05": [
      0.12,
      -0.3335,
      0.03,
      0.44550000000000006,
      -0.08,
      0.21,
      0.02,
      -0.15,
      0.31,
      0.07,
      -0.22,
      0.44,
      0.01,
      -0.05,
      0.18,
      0.09,
      -0.33,
      0.26,
      0.04,
      -0.11
    ],
    "zscore": [
      0.29590809729930917,
      -1.886676450156588,
      -0.08184692052959612,
      2.100737626926301,
      -0.543547497876036,
      0.6736631151282144,
      -0.12381970028836337,
      -0.8373569561874066,
      1.093390912715887,
      0.08604419850547292,
      -1.1311664144987774,
      1.6390370495798612,
      -0.16579248004713062,
      -0.41762915859973415,
      0.5477447758519126,
      0.16998975802300736,
      -1.5928669918452172,
      0.8835270139220507,
      -0.03987414077082887,
      -0.6694658371523377
    ],
    "rankNormalize": [
      0.6062177826491072,
      -1.6454482671904334,
      -0.08660254037844393,
      1.6454482671904334,
      -0.7794228634059946,
      0.9526279441628825,
      -0.2598076211353316,
      -1.12583302491977,
      1.299038105676658,
      0.2598076211353314,
      -1.299038105676658,
      1.4722431864335457,
      -0.4330127018922193,
      -0.606217782649107,
      0.7794228634059946,
      0.4330127018922193,
      -1.4722431864335457,
      1.12583302491977,
      0.08660254037844393,
      -0.9526279441628825
    ],
    "demeanByGroup": [
      0.0014285714285714318,
      -0.5185714285714286,
      0.06999999999999999,
      0.5900000000000001,
      -0.19857142857142857,
      0.13666666666666666,
      -0.05333333333333333,
      -0.11,
      0.19142857142857145,
      -0.003333333333333327,
      -0.18,
      0.32142857142857145,
      -0.06333333333333334,
      -0.010000000000000009,
      0.06142857142857143,
      0.016666666666666663,
      -0.29000000000000004,
      0.14142857142857146,
      -0.03333333333333333,
      -0.07
    ],